ID,Title,Contents,Desc,作成日時,更新日時,Genre
960,人生逆転サロンの活用法,"<iframe width=""560"" height=""315"" src=""https://www.youtube.com/embed/iFMNUM2Q9mg"" frameborder=""0"" allow=""accelerometer; autoplay; encrypted-media; gyroscope; picture-in-picture"" allowfullscreen></iframe>",,2019-07-26 16:00:39 +0900,2019-07-26 16:00:39 +0900,Basic
961,Slackの使い方,"<iframe width=""560"" height=""315"" src=""https://www.youtube.com/embed/x_KeaEUr3jo"" frameborder=""0"" allow=""accelerometer; autoplay; encrypted-media; gyroscope; picture-in-picture"" allowfullscreen></iframe>",,2019-07-26 16:00:39 +0900,2019-07-26 16:00:39 +0900,Basic
962,プログラミングを学習するための基礎知識,"<iframe width=""560"" height=""315"" src=""https://www.youtube.com/embed/Outcx4StSyU"" frameborder=""0"" allow=""accelerometer; autoplay; encrypted-media; gyroscope; picture-in-picture"" allowfullscreen></iframe>",,2019-07-26 16:00:39 +0900,2019-07-26 16:00:39 +0900,Basic
963,Webとは,"<iframe width=""560"" height=""315"" src=""https://www.youtube.com/embed/DDBiKpcvZp0"" frameborder=""0"" allow=""accelerometer; autoplay; encrypted-media; gyroscope; picture-in-picture"" allowfullscreen></iframe>",,2019-07-26 16:00:39 +0900,2019-07-26 16:00:39 +0900,Basic
964,Webを支える技術,"<iframe width=""560"" height=""315"" src=""https://www.youtube.com/embed/wvkK06fdR3Q"" frameborder=""0"" allow=""accelerometer; autoplay; encrypted-media; gyroscope; picture-in-picture"" allowfullscreen></iframe>",,2019-07-26 16:00:39 +0900,2019-08-24 10:40:52 +0900,Basic
965,Webサーバーについて,"<iframe width=""560"" height=""315"" src=""https://www.youtube.com/embed/O6tARRY81xM"" frameborder=""0"" allow=""accelerometer; autoplay; encrypted-media; gyroscope; picture-in-picture"" allowfullscreen></iframe>",,2019-07-26 16:00:39 +0900,2019-07-26 16:00:39 +0900,Basic
966,動的ページと静的ページ,"<iframe width=""560"" height=""315"" src=""https://www.youtube.com/embed/R4GYLo9S7vQ"" frameborder=""0"" allow=""accelerometer; autoplay; encrypted-media; gyroscope; picture-in-picture"" allowfullscreen></iframe>",,2019-07-26 16:00:39 +0900,2019-07-26 16:00:39 +0900,Basic
967,Gitの基本,"<iframe width=""560"" height=""315"" src=""https://www.youtube.com/embed/cdz-cs_kYto"" frameborder=""0"" allow=""accelerometer; autoplay; encrypted-media; gyroscope; picture-in-picture"" allowfullscreen></iframe>",,2019-07-26 16:00:39 +0900,2019-07-26 16:00:39 +0900,git
968,Gitを使ったクローン、プルリク、マージの流れについて解説,"<iframe width=""560"" height=""315"" src=""https://www.youtube.com/embed/JispFS6zeDw"" frameborder=""0"" allow=""accelerometer; autoplay; encrypted-media; gyroscope; picture-in-picture"" allowfullscreen></iframe>",,2019-07-26 16:00:39 +0900,2019-07-26 16:00:39 +0900,git
969,ソースコードをリモートリポジトリにプッシュするときの流れ,"<iframe width=""560"" height=""315"" src=""https://www.youtube.com/embed/FIfbOSy1Bzg"" frameborder=""0"" allow=""accelerometer; autoplay; encrypted-media; gyroscope; picture-in-picture"" allowfullscreen></iframe>",,2019-07-26 16:00:39 +0900,2019-07-26 16:00:39 +0900,git
970,Rubyで使用する主なクラスについて,"<iframe width=""560"" height=""315"" src=""https://www.youtube.com/embed/BVv2JNnkKfU"" frameborder=""0"" allow=""accelerometer; autoplay; encrypted-media; gyroscope; picture-in-picture"" allowfullscreen></iframe>",,2019-07-26 16:00:39 +0900,2019-07-26 16:00:39 +0900,Ruby
971,putsについて,"<iframe width=""560"" height=""315"" src=""https://www.youtube.com/embed/TFrYp4J6KLY"" frameborder=""0"" allow=""accelerometer; autoplay; encrypted-media; gyroscope; picture-in-picture"" allowfullscreen></iframe>",,2019-07-26 16:00:39 +0900,2019-07-26 16:00:39 +0900,Ruby
972,変数について,"<iframe width=""560"" height=""315"" src=""https://www.youtube.com/embed/U3yqlU7HGnk"" frameborder=""0"" allow=""accelerometer; autoplay; encrypted-media; gyroscope; picture-in-picture"" allowfullscreen></iframe>",,2019-07-26 16:00:39 +0900,2019-07-26 16:00:39 +0900,Ruby
973,ifについて,"<iframe width=""560"" height=""315"" src=""https://www.youtube.com/embed/SOLT-5evKQQ"" frameborder=""0"" allow=""accelerometer; autoplay; encrypted-media; gyroscope; picture-in-picture"" allowfullscreen></iframe>",,2019-07-26 16:00:39 +0900,2019-07-26 16:00:39 +0900,Ruby
974,配列について,"<iframe width=""560"" height=""315"" src=""https://www.youtube.com/embed/o43AAYhNfU4"" frameborder=""0"" allow=""accelerometer; autoplay; encrypted-media; gyroscope; picture-in-picture"" allowfullscreen></iframe>",,2019-07-26 16:00:39 +0900,2019-07-26 16:00:39 +0900,Ruby
975,繰り返し処理について,"<iframe width=""560"" height=""315"" src=""https://www.youtube.com/embed/6XGB0MkcQ2w"" frameborder=""0"" allow=""accelerometer; autoplay; encrypted-media; gyroscope; picture-in-picture"" allowfullscreen></iframe>",,2019-07-26 16:00:39 +0900,2019-07-26 16:00:39 +0900,Ruby
976,ハッシュについて,"<iframe width=""560"" height=""315"" src=""https://www.youtube.com/embed/YJ1SOXyCx78"" frameborder=""0"" allow=""accelerometer; autoplay; encrypted-media; gyroscope; picture-in-picture"" allowfullscreen></iframe>",,2019-07-26 16:00:39 +0900,2019-07-26 16:00:39 +0900,Ruby
,Ruby/Railsの環境構築1,"<iframe width=""560"" height=""315"" src=""https://www.youtube.com/embed/owzClWksQJc"" frameborder=""0"" allow=""accelerometer; autoplay; encrypted-media; gyroscope; picture-in-picture"" allowfullscreen></iframe>",,,,Ruby on Rails
,Ruby/Railsの環境構築2,"<iframe width=""560"" height=""315"" src=""https://www.youtube.com/embed/92F2sWL3Xko"" frameborder=""0"" allow=""accelerometer; autoplay; encrypted-media; gyroscope; picture-in-picture"" allowfullscreen></iframe>",,,,Ruby on Rails
977,Hello World アプリの解説（実践的なコントローラの作り方）,"<iframe width=""560"" height=""315"" src=""https://www.youtube.com/embed/1jMlnGwHiXo"" frameborder=""0"" allow=""accelerometer; autoplay; encrypted-media; gyroscope; picture-in-picture"" allowfullscreen></iframe>",,2019-07-26 16:00:39 +0900,2019-07-26 16:00:39 +0900,Ruby on Rails
978,resourcesを使わないCRUDアプリの解説,"<iframe width=""560"" height=""315"" src=""https://www.youtube.com/embed/b_NlIEAQkoo"" frameborder=""0"" allow=""accelerometer; autoplay; encrypted-media; gyroscope; picture-in-picture"" allowfullscreen></iframe>",,2019-07-26 16:00:39 +0900,2019-07-26 16:00:39 +0900,Ruby on Rails
979,resourcesを使ったCRUDアプリの解説,"<iframe width=""560"" height=""315"" src=""https://www.youtube.com/embed/QWixLhP62M8"" frameborder=""0"" allow=""accelerometer; autoplay; encrypted-media; gyroscope; picture-in-picture"" allowfullscreen></iframe>",,2019-07-26 16:00:39 +0900,2019-07-26 16:00:39 +0900,Ruby on Rails
980,デバッグツールの使い方,"<iframe width=""560"" height=""315"" src=""https://www.youtube.com/embed/dmkzIosRytI"" frameborder=""0"" allow=""accelerometer; autoplay; encrypted-media; gyroscope; picture-in-picture"" allowfullscreen></iframe>",https://github.com/yoshitokamizato/debug_sample.git,2019-07-26 16:00:39 +0900,2019-07-26 16:00:39 +0900,Ruby on Rails
981,CSVデータインポートアプリの解説,"<iframe width=""560"" height=""315"" src=""https://www.youtube.com/embed/KqOoZQoJTG8"" frameborder=""0"" allow=""accelerometer; autoplay; encrypted-media; gyroscope; picture-in-picture"" allowfullscreen></iframe>",,2019-07-26 16:00:39 +0900,2019-07-26 16:00:39 +0900,Ruby on Rails
982,Rakeタスクの実装,"<iframe width=""560"" height=""315"" src=""https://www.youtube.com/embed/EntRvD_KSNA"" frameborder=""0"" allow=""accelerometer; autoplay; encrypted-media; gyroscope; picture-in-picture"" allowfullscreen></iframe>",,2019-07-26 16:00:39 +0900,2019-07-26 16:00:39 +0900,Ruby on Rails
983,Deviseを使ったログイン機能の実装,"<iframe width=""560"" height=""315"" src=""https://www.youtube.com/embed/AIUsm87NyaM"" frameborder=""0"" allow=""accelerometer; autoplay; encrypted-media; gyroscope; picture-in-picture"" allowfullscreen></iframe>",,2019-07-26 16:00:39 +0900,2019-07-26 16:00:39 +0900,Ruby on Rails
984,Active Admin を使った管理者画面の作成,"<iframe width=""560"" height=""315"" src=""https://www.youtube.com/embed/3auqochKXfg"" frameborder=""0"" allow=""accelerometer; autoplay; encrypted-media; gyroscope; picture-in-picture"" allowfullscreen></iframe>",,2019-07-26 16:00:39 +0900,2019-07-26 16:00:39 +0900,Ruby on Rails
985,Ransackを使った検索機能の実装,"<iframe width=""560"" height=""315"" src=""https://www.youtube.com/embed/dATIhg6S0Us"" frameborder=""0"" allow=""accelerometer; autoplay; encrypted-media; gyroscope; picture-in-picture"" allowfullscreen></iframe>",https://github.com/yoshitokamizato/ransack_sample_0130,2019-07-26 16:00:39 +0900,2019-07-26 16:00:39 +0900,Ruby on Rails
986,RSpecを使ったテストコードの実装,"<iframe width=""560"" height=""315"" src=""https://www.youtube.com/embed/Zo9HKyQqwfs"" frameborder=""0"" allow=""accelerometer; autoplay; encrypted-media; gyroscope; picture-in-picture"" allowfullscreen></iframe>",https://github.com/yoshitokamizato/rspec_sample_0130,2019-07-26 16:00:39 +0900,2019-07-26 16:00:39 +0900,Ruby on Rails
987,RailsへのMarkdownの導入,"<iframe width=""560"" height=""315"" src=""https://www.youtube.com/embed/fFS5_GfXvwE"" frameborder=""0"" allow=""accelerometer; autoplay; encrypted-media; gyroscope; picture-in-picture"" allowfullscreen></iframe>",https://github.com/yoshitokamizato/markdown_sample_0130,2019-07-26 16:00:39 +0900,2019-07-26 16:00:39 +0900,Ruby on Rails
988,Chart.jsを使ったグラフの作成,"<iframe width=""560"" height=""315"" src=""https://www.youtube.com/embed/05Cl4zekcGk"" frameborder=""0"" allow=""accelerometer; autoplay; encrypted-media; gyroscope; picture-in-picture"" allowfullscreen></iframe>",https://github.com/yoshitokamizato/chart_sample,2019-07-26 16:00:39 +0900,2019-07-26 16:00:39 +0900,Ruby on Rails
989,Dockerを使ったRailsアプリの立ち上げ,"<iframe width=""560"" height=""315"" src=""https://www.youtube.com/embed/6-NeRzv3S3c"" frameborder=""0"" allow=""accelerometer; autoplay; encrypted-media; gyroscope; picture-in-picture"" allowfullscreen></iframe>",https://github.com/yoshitokamizato/docker_rails,2019-07-26 16:00:39 +0900,2019-09-25 12:44:20 +0900,Other
990,収益化戦略の考え方,"<iframe width=""560"" height=""315"" src=""https://www.youtube.com/embed/BmoV5ARlPDY"" frameborder=""0"" allow=""accelerometer; autoplay; encrypted-media; gyroscope; picture-in-picture"" allowfullscreen></iframe>",収益化戦略の考え方です。,2019-07-26 16:00:39 +0900,2019-07-26 16:00:39 +0900,Money
991,稼ぐために必要なブログの構成要素,"<iframe width=""560"" height=""315"" src=""https://www.youtube.com/embed/Uuv9nqgqrAk"" frameborder=""0"" allow=""accelerometer; autoplay; encrypted-media; gyroscope; picture-in-picture"" allowfullscreen></iframe>",稼ぐために必要なブログの構成要素です。,2019-07-26 16:00:39 +0900,2019-07-26 16:00:39 +0900,Money
992,稼げる人間になるために大切なマインド,"<iframe width=""560"" height=""315"" src=""https://www.youtube.com/embed/Nrr1rAwHPJg"" frameborder=""0"" allow=""accelerometer; autoplay; encrypted-media; gyroscope; picture-in-picture"" allowfullscreen></iframe>",稼げる人間になるために大切なマインドです。,2019-07-26 16:00:39 +0900,2019-07-26 16:00:39 +0900,Money
993,ファンを増やすプロフィール記事の作り方,"<iframe width=""560"" height=""315"" src=""https://www.youtube.com/embed/W-F9UmPtVYE"" frameborder=""0"" allow=""accelerometer; autoplay; encrypted-media; gyroscope; picture-in-picture"" allowfullscreen></iframe>",ファンを増やすプロフィール記事の作り方です。,2019-07-26 16:00:39 +0900,2019-07-26 16:00:39 +0900,Money
994,稼げるブログ記事の構成,"<iframe width=""560"" height=""315"" src=""https://www.youtube.com/embed/NIyTB5luw_o"" frameborder=""0"" allow=""accelerometer; autoplay; encrypted-media; gyroscope; picture-in-picture"" allowfullscreen></iframe>",稼げるブログ記事の構成です。,2019-07-26 16:00:39 +0900,2019-07-26 16:00:39 +0900,Money
995,HTMLでよく使う超基本的なタグ,"<iframe width=""560"" height=""315"" src=""https://www.youtube.com/embed/_vqDpe8GJgU"" frameborder=""0"" allow=""accelerometer; autoplay; encrypted-media; gyroscope; picture-in-picture"" allowfullscreen></iframe>",よく使うタグのみをピックアップして説明しました。まだまだ他にもタグはたくさんありますが、まずはこちらを優先して使えるようにしましょう。,2019-07-26 16:00:39 +0900,2019-07-26 16:00:39 +0900,Design
996,イラストレーターでよく使う機能,"<iframe width=""560"" height=""315"" src=""https://www.youtube.com/embed/cNlNJrgbQL8"" frameborder=""0"" allow=""accelerometer; autoplay; encrypted-media; gyroscope; picture-in-picture"" allowfullscreen></iframe>",イラストレーターでよく使う機能です。,2019-07-26 16:00:39 +0900,2019-07-26 16:00:39 +0900,Design
997,ペンツールと曲線ツールの使い方,"<iframe width=""560"" height=""315"" src=""https://www.youtube.com/embed/w6fxHcQHWB8"" frameborder=""0"" allow=""accelerometer; autoplay; encrypted-media; gyroscope; picture-in-picture"" allowfullscreen></iframe>",ペンツールと曲線ツールの使い方です。,2019-07-26 16:00:39 +0900,2019-07-26 16:00:39 +0900,Design
998,図形ツールの使い方,"<iframe width=""560"" height=""315"" src=""https://www.youtube.com/embed/NXk1rziNLHw"" frameborder=""0"" allow=""accelerometer; autoplay; encrypted-media; gyroscope; picture-in-picture"" allowfullscreen></iframe>",図形ツールの使い方です。,2019-07-26 16:00:39 +0900,2019-07-26 16:00:39 +0900,Design
999,Gitでのコンフリクトの解消,"<iframe width=""560"" height=""315"" src=""https://www.youtube.com/embed/_fxSc2zVyiM"" frameborder=""0"" allow=""accelerometer; autoplay; encrypted-media; gyroscope; picture-in-picture"" allowfullscreen></iframe>",Gitで生じるコンフリクトの解消について、3人で実践した時の動画です。こちらをもとに、コンフリクトの解消法を学び、現場に出た時に焦らないようにしていきましょう。,2019-07-26 16:00:39 +0900,2019-07-26 16:00:39 +0900,Live
1000,サロン内転職相談会(10/28),"<iframe width=""560"" height=""315"" src=""https://www.youtube.com/embed/M1EDVXK6qB8"" frameborder=""0"" allow=""accelerometer; autoplay; encrypted-media; gyroscope; picture-in-picture"" allowfullscreen></iframe>",10/28 サロン内転職相談会の内容です。,2019-07-26 16:00:39 +0900,2019-07-26 16:00:39 +0900,Live
1001,ブログコンサル,"<iframe width=""560"" height=""315"" src=""https://www.youtube.com/embed/OSs4k4TVCK4"" frameborder=""0"" allow=""accelerometer; autoplay; encrypted-media; gyroscope; picture-in-picture"" allowfullscreen></iframe>",池島さん&たっつーさんブログコンサルの内容です。,2019-07-26 16:00:39 +0900,2019-07-26 16:00:39 +0900,Live
1002,Railsの基礎&Githubを用いた開発の進め方,"<iframe width=""560"" height=""315"" src=""https://www.youtube.com/embed/dQIV-qHjQ4E"" frameborder=""0"" allow=""accelerometer; autoplay; encrypted-media; gyroscope; picture-in-picture"" allowfullscreen></iframe>",,2019-07-26 16:00:39 +0900,2019-07-26 16:00:39 +0900,Live
1003,【ブログで月10万稼いでいる自己投資の鬼】アラキさん対談,"<iframe width=""560"" height=""315"" src=""https://www.youtube.com/embed/uyQGn_iKWVI"" frameborder=""0"" allow=""accelerometer; autoplay; encrypted-media; gyroscope; picture-in-picture"" allowfullscreen></iframe>",,2019-07-26 16:00:39 +0900,2019-07-26 16:00:39 +0900,Live
1004,Bootstrapの実装,"<iframe width=""560"" height=""315"" src=""https://www.youtube.com/embed/YVNvGLGvIUQ"" frameborder=""0"" allow=""accelerometer; autoplay; encrypted-media; gyroscope; picture-in-picture"" allowfullscreen></iframe>",,2019-07-26 16:00:39 +0900,2019-07-26 16:00:39 +0900,Live
1005,CSVインポート機能の実装,"<iframe width=""560"" height=""315"" src=""https://www.youtube.com/embed/ZsunJSysvOY"" frameborder=""0"" allow=""accelerometer; autoplay; encrypted-media; gyroscope; picture-in-picture"" allowfullscreen></iframe>",,2019-07-26 16:00:39 +0900,2019-07-26 16:00:39 +0900,Live
1006,学習方法&収益化コンサル,"<iframe width=""560"" height=""315"" src=""https://www.youtube.com/embed/pMV-zGMfkJU"" frameborder=""0"" allow=""accelerometer; autoplay; encrypted-media; gyroscope; picture-in-picture"" allowfullscreen></iframe>",,2019-07-26 16:00:39 +0900,2019-07-26 16:00:39 +0900,Talk
1007,ナガタさん&佐々木さん転職相談,"<iframe width=""560"" height=""315"" src=""https://www.youtube.com/embed/QYJNe4q_J_g"" frameborder=""0"" allow=""accelerometer; autoplay; encrypted-media; gyroscope; picture-in-picture"" allowfullscreen></iframe>",,2019-07-26 16:00:39 +0900,2019-07-26 16:00:39 +0900,Talk
1008,【Rails】findとfind_byの違い,"<iframe width=""560"" height=""315"" src=""https://www.youtube.com/embed/5r7nHaVpdSs"" frameborder=""0"" allow=""accelerometer; autoplay; encrypted-media; gyroscope; picture-in-picture"" allowfullscreen></iframe>",,2019-07-26 16:00:39 +0900,2019-07-26 16:00:39 +0900,Live
1009,フルリモートフリーランスの時間の使い方,"<iframe width=""560"" height=""315"" src=""https://www.youtube.com/embed/1nQIbvC2Fjg"" frameborder=""0"" allow=""accelerometer; autoplay; encrypted-media; gyroscope; picture-in-picture"" allowfullscreen></iframe>",,2019-07-26 16:00:39 +0900,2019-07-26 16:00:39 +0900,Talk
1010,【Rails】findについて補足,"<iframe width=""560"" height=""315"" src=""https://www.youtube.com/embed/zxza5s91XKM"" frameborder=""0"" allow=""accelerometer; autoplay; encrypted-media; gyroscope; picture-in-picture"" allowfullscreen></iframe>",,2019-07-26 16:00:39 +0900,2019-07-26 16:00:39 +0900,Live
1011,【Vue】Vueの概要,"<iframe width=""560"" height=""315"" src=""https://www.youtube.com/embed/51patVZKF7M"" frameborder=""0"" allow=""accelerometer; autoplay; encrypted-media; gyroscope; picture-in-picture"" allowfullscreen></iframe>",,2019-07-26 16:00:39 +0900,2019-07-26 16:00:39 +0900,Live
1012,テックエキスパートのカリキュラムなど,"<iframe width=""560"" height=""315"" src=""https://www.youtube.com/embed/zuPcJOOivb4"" frameborder=""0"" allow=""accelerometer; autoplay; encrypted-media; gyroscope; picture-in-picture"" allowfullscreen></iframe>",,2019-07-26 16:00:39 +0900,2019-07-26 16:00:39 +0900,Talk
1013,現役エンジニアが選ぶオススメの技術書,"<iframe width=""560"" height=""315"" src=""https://www.youtube.com/embed/hezq37rbVjo"" frameborder=""0"" allow=""accelerometer; autoplay; encrypted-media; gyroscope; picture-in-picture"" allowfullscreen></iframe>",,2019-07-26 16:00:39 +0900,2019-07-26 16:00:39 +0900,Talk
1014,良いプログラミングスクールはどこか？,"<iframe width=""560"" height=""315"" src=""https://www.youtube.com/embed/xtkVb79269M"" frameborder=""0"" allow=""accelerometer; autoplay; encrypted-media; gyroscope; picture-in-picture"" allowfullscreen></iframe>",,2019-07-26 16:00:39 +0900,2019-07-26 16:00:39 +0900,Talk
1015,tanakinさんのコードレビュー,"<iframe width=""560"" height=""315"" src=""https://www.youtube.com/embed/cyYI6B6R-aQ"" frameborder=""0"" allow=""accelerometer; autoplay; encrypted-media; gyroscope; picture-in-picture"" allowfullscreen></iframe>",,2019-07-26 16:00:39 +0900,2019-07-26 16:00:39 +0900,Talk
1016,【EC2からRDSへの接続】EC2の立ち上げ手順,"<iframe width=""560"" height=""315"" src=""https://www.youtube.com/embed/-6ZVhxNUd2A"" frameborder=""0"" allow=""accelerometer; autoplay; encrypted-media; gyroscope; picture-in-picture"" allowfullscreen></iframe>",,2019-07-26 16:00:39 +0900,2019-07-29 19:30:28 +0900,Other
1017,【EC2からRDSへの接続】RDS接続からEC2〜RDSの接続,"<iframe width=""560"" height=""315"" src=""https://www.youtube.com/embed/TawsYKm58_g"" frameborder=""0"" allow=""accelerometer; autoplay; encrypted-media; gyroscope; picture-in-picture"" allowfullscreen></iframe>",,2019-07-26 16:00:39 +0900,2019-07-29 19:30:17 +0900,Other
1018,スキルアップが見込めるSES・SIerの見分け方,"<iframe width=""560"" height=""315"" src=""https://www.youtube.com/embed/06eBTaFFrxY"" frameborder=""0"" allow=""accelerometer; autoplay; encrypted-media; gyroscope; picture-in-picture"" allowfullscreen></iframe>",,2019-07-26 16:00:39 +0900,2019-07-26 16:00:39 +0900,Live
1019,JSの「変数の巻き上げ」について学んでみた,"<iframe width=""560"" height=""315"" src=""https://www.youtube.com/embed/PIkcosmL5k4"" frameborder=""0"" allow=""accelerometer; autoplay; encrypted-media; gyroscope; picture-in-picture"" allowfullscreen></iframe>",,2019-07-26 16:00:39 +0900,2019-07-26 16:00:39 +0900,Live
1020,Vue jsで作ったアプリをHerokuへデプロイ,"<iframe width=""560"" height=""315"" src=""https://www.youtube.com/embed/moIqDq062No"" frameborder=""0"" allow=""accelerometer; autoplay; encrypted-media; gyroscope; picture-in-picture"" allowfullscreen></iframe>",https://github.com/yoshitokamizato/vue_sample,2019-07-26 16:00:39 +0900,2019-07-26 16:00:39 +0900,Live
1021,RailsでのAjaxの実装,"<iframe width=""560"" height=""315"" src=""https://www.youtube.com/embed/ehdfsKFrUnI"" frameborder=""0"" allow=""accelerometer; autoplay; encrypted-media; gyroscope; picture-in-picture"" allowfullscreen></iframe>",,2019-07-26 16:00:39 +0900,2019-07-26 16:00:39 +0900,Live
1022,RubyでToDo管理アプリを再現・前編,"<iframe width=""560"" height=""315"" src=""https://www.youtube.com/embed/87wcVNANBwY"" frameborder=""0"" allow=""accelerometer; autoplay; encrypted-media; gyroscope; picture-in-picture"" allowfullscreen></iframe>",https://github.com/yoshitokamizato/todo_with_ruby,2019-07-26 16:00:39 +0900,2019-07-26 16:00:39 +0900,Live
1023,RubyでToDo管理アプリを再現・中編,"<iframe width=""560"" height=""315"" src=""https://www.youtube.com/embed/TpdITTT9LQM"" frameborder=""0"" allow=""accelerometer; autoplay; encrypted-media; gyroscope; picture-in-picture"" allowfullscreen></iframe>",https://github.com/yoshitokamizato/todo_with_ruby,2019-07-26 16:00:39 +0900,2019-07-26 16:00:39 +0900,Live
1024,CircleCI ウシジマさん講座,"<iframe width=""560"" height=""315"" src=""https://www.youtube.com/embed/N7vmtP9P5O8"" frameborder=""0"" allow=""accelerometer; autoplay; encrypted-media; gyroscope; picture-in-picture"" allowfullscreen></iframe>",https://github.com/yuta-ushijima/circleci-example-for-rails,2019-07-26 16:00:39 +0900,2019-07-26 16:00:39 +0900,Live
1025,RubyでTODO管理アプリを再現・後編,"<iframe width=""560"" height=""315"" src=""https://www.youtube.com/embed/H61gn2wF_Kg"" frameborder=""0"" allow=""accelerometer; autoplay; encrypted-media; gyroscope; picture-in-picture"" allowfullscreen></iframe>",,2019-07-26 16:00:39 +0900,2019-07-26 16:00:39 +0900,Live
1026,RubyでTODO管理アプリを再現・最終回,"<iframe width=""560"" height=""315"" src=""https://www.youtube.com/embed/AhnQvJpl_j4"" frameborder=""0"" allow=""accelerometer; autoplay; encrypted-media; gyroscope; picture-in-picture"" allowfullscreen></iframe>",https://github.com/yoshitokamizato/todo_with_ruby,2019-07-26 16:00:39 +0900,2019-07-26 16:00:39 +0900,Live
1027,APIの実装とテストについて,"<iframe width=""560"" height=""315"" src=""https://www.youtube.com/embed/H74-tvhlIbk"" frameborder=""0"" allow=""accelerometer; autoplay; encrypted-media; gyroscope; picture-in-picture"" allowfullscreen></iframe>",https://github.com/yoshitokamizato/api_and_rspec_sample,2019-07-26 16:00:40 +0900,2019-07-26 16:00:40 +0900,Live
1028,転職活動コンサル・さなださん,"<iframe width=""560"" height=""315"" src=""https://www.youtube.com/embed/c1k5Z-HnmXE"" frameborder=""0"" allow=""accelerometer; autoplay; encrypted-media; gyroscope; picture-in-picture"" allowfullscreen></iframe>",,2019-07-26 16:00:40 +0900,2019-07-26 16:00:40 +0900,Talk
1029,高卒・アラサーからプログラマーに転職したあじーさんのインタビュー,"<iframe width=""560"" height=""315"" src=""https://www.youtube.com/embed/jvSOJvq_kAg"" frameborder=""0"" allow=""accelerometer; autoplay; encrypted-media; gyroscope; picture-in-picture"" allowfullscreen></iframe>",,2019-07-26 16:00:40 +0900,2019-07-26 16:00:40 +0900,Talk
1030,36歳携帯販売員からプログラマーに転職した田中さんのインタビュー,"<iframe width=""560"" height=""315"" src=""https://www.youtube.com/embed/f-MOZRFL1EQ"" frameborder=""0"" allow=""accelerometer; autoplay; encrypted-media; gyroscope; picture-in-picture"" allowfullscreen></iframe>",,2019-07-26 16:00:40 +0900,2019-07-26 16:00:40 +0900,Talk
1031,女性エンジニアの育成に特化した株式会社 凛・柳田さんのインタビュー,"<iframe width=""560"" height=""315"" src=""https://www.youtube.com/embed/ZWSPXXMR8dI"" frameborder=""0"" allow=""accelerometer; autoplay; encrypted-media; gyroscope; picture-in-picture"" allowfullscreen></iframe>",,2019-07-26 16:00:40 +0900,2019-07-26 16:00:40 +0900,Talk
1032,沖縄でのんびり暇人生活を実現させるためにやったこと,"<iframe width=""560"" height=""315"" src=""https://www.youtube.com/embed/h3FLB0iS9e0"" frameborder=""0"" allow=""accelerometer; autoplay; encrypted-media; gyroscope; picture-in-picture"" allowfullscreen></iframe>",,2019-07-26 16:00:40 +0900,2019-07-26 16:00:40 +0900,Talk
1033,【人生逃げ切りサロン沖縄合宿】インフルエンサーはなぜオワコン化するのか・りゅうけんさん,"<iframe width=""560"" height=""315"" src=""https://www.youtube.com/embed/NPhC7Nb9ouM"" frameborder=""0"" allow=""accelerometer; autoplay; encrypted-media; gyroscope; picture-in-picture"" allowfullscreen></iframe>",,2019-08-02 11:58:03 +0900,2019-08-02 11:58:03 +0900,Talk
1034,【人生逃げ切りサロン沖縄合宿】年商3億円計画・迫くん,"<iframe width=""560"" height=""315"" src=""https://www.youtube.com/embed/CeF-G4Ub0H8"" frameborder=""0"" allow=""accelerometer; autoplay; encrypted-media; gyroscope; picture-in-picture"" allowfullscreen></iframe>",,2019-08-02 11:59:00 +0900,2019-08-02 11:59:00 +0900,Talk
1035,【人生逃げ切りサロン沖縄合宿】半年で月商500万を達成！サロンをどう活用したか・えなみさん,"<iframe width=""560"" height=""315"" src=""https://www.youtube.com/embed/cYKNhz_rhYc"" frameborder=""0"" allow=""accelerometer; autoplay; encrypted-media; gyroscope; picture-in-picture"" allowfullscreen></iframe>",,2019-08-02 11:59:36 +0900,2019-08-02 11:59:36 +0900,Talk
1036,【人生逃げ切りサロン沖縄合宿】沖縄でのんびり暇人生活を実現するためにやってきたこと・神里,"<iframe width=""560"" height=""315"" src=""https://www.youtube.com/embed/aiObxPUXv6s"" frameborder=""0"" allow=""accelerometer; autoplay; encrypted-media; gyroscope; picture-in-picture"" allowfullscreen></iframe>",,2019-08-02 12:00:18 +0900,2019-08-02 12:00:18 +0900,Talk
1037,【第1回】Twitterクローンアプリで学ぶアソシエーション勉強会,"<iframe width=""560"" height=""315"" src=""https://www.youtube.com/embed/mTeCYotISMk"" frameborder=""0"" allow=""accelerometer; autoplay; encrypted-media; gyroscope; picture-in-picture"" allowfullscreen></iframe>",,2019-08-12 09:28:42 +0900,2019-08-12 09:30:38 +0900,Live
1038,【第2回】Twitterクローンアプリで学ぶアソシエーション勉強会,"<iframe width=""560"" height=""315"" src=""https://www.youtube.com/embed/V85-9-6wBtM"" frameborder=""0"" allow=""accelerometer; autoplay; encrypted-media; gyroscope; picture-in-picture"" allowfullscreen></iframe>",,2019-08-12 09:29:31 +0900,2019-08-12 09:30:25 +0900,Live
1039,【第3回】Twitterクローンアプリで学ぶアソシエーション勉強会,"<iframe width=""560"" height=""315"" src=""https://www.youtube.com/embed/VBUaMV8aG9k"" frameborder=""0"" allow=""accelerometer; autoplay; encrypted-media; gyroscope; picture-in-picture"" allowfullscreen></iframe>",,2019-08-22 19:43:07 +0900,2019-08-22 19:43:07 +0900,Live
1040,【ハッカソン】チャットアプリ開発,"<iframe width=""560"" height=""315"" src=""https://www.youtube.com/embed/iuzy4xGl9QQ"" frameborder=""0"" allow=""accelerometer; autoplay; encrypted-media; gyroscope; picture-in-picture"" allowfullscreen></iframe>",,2019-09-29 07:14:08 +0900,2019-09-29 07:14:08 +0900,Live
1041,【ハッカソン】チャットアプリ開発・デザイン,"<iframe width=""560"" height=""315"" src=""https://www.youtube.com/embed/mRbrkX-rWZ8"" frameborder=""0"" allow=""accelerometer; autoplay; encrypted-media; gyroscope; picture-in-picture"" allowfullscreen></iframe>",,2019-10-07 16:41:39 +0900,2019-10-07 16:41:39 +0900,Live
1042,【セミナー】かみざとがWEBで商品を売るまでの全過程,"<iframe width=""560"" height=""315"" src=""https://www.youtube.com/embed/JQ6FOa5CW48"" frameborder=""0"" allow=""accelerometer; autoplay; encrypted-media; gyroscope; picture-in-picture"" allowfullscreen></iframe>",,2019-10-07 16:52:09 +0900,2019-10-07 16:52:09 +0900,Talk
1043,Lesson 0,"<iframe width=""560"" height=""315"" src=""https://www.youtube.com/embed/wbnxfybxlYU"" frameborder=""0"" allow=""accelerometer; autoplay; encrypted-media; gyroscope; picture-in-picture"" allowfullscreen></iframe>",,2019-10-09 11:16:09 +0900,2019-10-09 11:16:09 +0900,Movie
1044,Lesson 1,"<iframe width=""560"" height=""315"" src=""https://www.youtube.com/embed/u3UTAz97eWg"" frameborder=""0"" allow=""accelerometer; autoplay; encrypted-media; gyroscope; picture-in-picture"" allowfullscreen></iframe>",,2019-10-09 11:16:46 +0900,2019-10-09 11:16:46 +0900,Movie
1045,Lesson 2,"<iframe width=""560"" height=""315"" src=""https://www.youtube.com/embed/v9u0pZoGKww"" frameborder=""0"" allow=""accelerometer; autoplay; encrypted-media; gyroscope; picture-in-picture"" allowfullscreen></iframe>",,2019-10-09 11:17:20 +0900,2019-10-09 11:17:20 +0900,Movie
1046,Lesson 3,"<iframe width=""560"" height=""315"" src=""https://www.youtube.com/embed/QVdaGrIFVdU"" frameborder=""0"" allow=""accelerometer; autoplay; encrypted-media; gyroscope; picture-in-picture"" allowfullscreen></iframe>",,2019-10-09 11:18:07 +0900,2019-10-09 11:18:07 +0900,Movie
1047,Lesson 4,"<iframe width=""560"" height=""315"" src=""https://www.youtube.com/embed/3LZlqVwkOaw"" frameborder=""0"" allow=""accelerometer; autoplay; encrypted-media; gyroscope; picture-in-picture"" allowfullscreen></iframe>",,2019-10-09 11:18:35 +0900,2019-10-09 11:18:35 +0900,Movie
1048,Lesson 5,"<iframe width=""560"" height=""315"" src=""https://www.youtube.com/embed/55TFAqkCCEI"" frameborder=""0"" allow=""accelerometer; autoplay; encrypted-media; gyroscope; picture-in-picture"" allowfullscreen></iframe>",,2019-10-09 11:19:15 +0900,2019-10-09 11:19:15 +0900,Movie
1049,ブラックジャックプログラムコードレビュー,"<iframe width=""560"" height=""315"" src=""https://www.youtube.com/embed/ap6FtdZa_xg"" frameborder=""0"" allow=""accelerometer; autoplay; encrypted-media; gyroscope; picture-in-picture"" allowfullscreen></iframe>",,2019-10-30 17:19:04 +0900,2019-10-30 17:19:04 +0900,Live
1050,Terraformハンズオン（VPC~EC2作成まで）,"<iframe width=""560"" height=""315"" src=""https://www.youtube.com/embed/NRSN57kQsvE"" frameborder=""0"" allow=""accelerometer; autoplay; encrypted-media; gyroscope; picture-in-picture"" allowfullscreen></iframe>",,2019-11-08 09:35:28 +0900,2019-11-08 09:35:28 +0900,Live
1051,転職せずにエンジニアになったサナダさんのインタビュー,"<iframe width=""560"" height=""315"" src=""https://www.youtube.com/embed/gBCsgyDqV54"" frameborder=""0"" allow=""accelerometer; autoplay; encrypted-media; gyroscope; picture-in-picture"" allowfullscreen></iframe>",,2019-11-16 15:52:03 +0900,2019-11-16 15:52:03 +0900,Talk
1052,未経験者でありながらゴリゴリロジックを書きまくるつじいさんのポテンシャルの秘密に迫ってみた,"<iframe width=""560"" height=""315"" src=""https://www.youtube.com/embed/M991A2lnj7A"" frameborder=""0"" allow=""accelerometer; autoplay; encrypted-media; gyroscope; picture-in-picture"" allowfullscreen></iframe>",,2019-11-23 15:47:18 +0900,2019-11-23 15:47:18 +0900,Talk
1085,Lesson 1,"<iframe width=""560"" height=""315"" src=""https://www.youtube.com/embed/qKy7X5umlqc"" frameborder=""0"" allow=""accelerometer; autoplay; encrypted-media; gyroscope; picture-in-picture"" allowfullscreen></iframe>",,2019-12-02 12:13:03 +0900,2019-12-02 12:13:03 +0900,Php
1086,Lesson 2,"<iframe width=""560"" height=""315"" src=""https://www.youtube.com/embed/tvzdT5_mIv0"" frameborder=""0"" allow=""accelerometer; autoplay; encrypted-media; gyroscope; picture-in-picture"" allowfullscreen></iframe>",,2019-12-02 12:13:55 +0900,2019-12-02 12:13:55 +0900,Php
1087,Lesson 3,"<iframe width=""560"" height=""315"" src=""https://www.youtube.com/embed/ZEh2SIKqkL0"" frameborder=""0"" allow=""accelerometer; autoplay; encrypted-media; gyroscope; picture-in-picture"" allowfullscreen></iframe>",,2019-12-02 12:14:39 +0900,2019-12-02 12:14:39 +0900,Php
1088,Lesson 4,"<iframe width=""560"" height=""315"" src=""https://www.youtube.com/embed/u_oLIlZuLKE"" frameborder=""0"" allow=""accelerometer; autoplay; encrypted-media; gyroscope; picture-in-picture"" allowfullscreen></iframe>",,2019-12-02 12:15:14 +0900,2019-12-02 12:15:14 +0900,Php
1089,Lesson 5,"<iframe width=""560"" height=""315"" src=""https://www.youtube.com/embed/QN2DMyQQUZ8"" frameborder=""0"" allow=""accelerometer; autoplay; encrypted-media; gyroscope; picture-in-picture"" allowfullscreen></iframe>",,2019-12-02 12:15:41 +0900,2019-12-02 12:15:41 +0900,Php
1090,Lesson 6,"<iframe width=""560"" height=""315"" src=""https://www.youtube.com/embed/vENMIugrwN0"" frameborder=""0"" allow=""accelerometer; autoplay; encrypted-media; gyroscope; picture-in-picture"" allowfullscreen></iframe>",,2019-12-02 12:16:24 +0900,2019-12-02 12:16:24 +0900,Php
1091,Lesson 7,"<iframe width=""560"" height=""315"" src=""https://www.youtube.com/embed/sXLfhkG0qkg"" frameborder=""0"" allow=""accelerometer; autoplay; encrypted-media; gyroscope; picture-in-picture"" allowfullscreen></iframe>",,2019-12-02 12:17:04 +0900,2019-12-02 12:17:04 +0900,Php
1092,Lesson 1,"<iframe width=""560"" height=""315"" src=""https://www.youtube.com/embed/8WVV-gdtilE"" frameborder=""0"" allow=""accelerometer; autoplay; encrypted-media; gyroscope; picture-in-picture"" allowfullscreen></iframe>",,2019-12-02 12:18:02 +0900,2019-12-02 12:18:02 +0900,Writing
1093,Lesson 2,"<iframe width=""560"" height=""315"" src=""https://www.youtube.com/embed/qhZlO-qa6kk"" frameborder=""0"" allow=""accelerometer; autoplay; encrypted-media; gyroscope; picture-in-picture"" allowfullscreen></iframe>",,2019-12-02 12:18:27 +0900,2019-12-02 12:18:27 +0900,Writing
1094,Lesson 3,"<iframe width=""560"" height=""315"" src=""https://www.youtube.com/embed/H6kHT3iIvdQ"" frameborder=""0"" allow=""accelerometer; autoplay; encrypted-media; gyroscope; picture-in-picture"" allowfullscreen></iframe>",,2019-12-02 12:18:48 +0900,2019-12-02 12:18:48 +0900,Writing
1095,Lesson 4,"<iframe width=""560"" height=""315"" src=""https://www.youtube.com/embed/pNslXbJ2jVM"" frameborder=""0"" allow=""accelerometer; autoplay; encrypted-media; gyroscope; picture-in-picture"" allowfullscreen></iframe>",,2019-12-02 12:19:07 +0900,2019-12-02 12:19:07 +0900,Writing
1096,Lesson 5,"<iframe width=""560"" height=""315"" src=""https://www.youtube.com/embed/IuBZ8p6i3zQ"" frameborder=""0"" allow=""accelerometer; autoplay; encrypted-media; gyroscope; picture-in-picture"" allowfullscreen></iframe>",,2019-12-02 12:19:30 +0900,2019-12-02 12:19:30 +0900,Writing
1097,Lesson 6,"<iframe width=""560"" height=""315"" src=""https://www.youtube.com/embed/NI5b5z2WjEw"" frameborder=""0"" allow=""accelerometer; autoplay; encrypted-media; gyroscope; picture-in-picture"" allowfullscreen></iframe>",,2019-12-02 12:19:55 +0900,2019-12-02 12:19:55 +0900,Writing
1098,機械学習エンジニアのとみーさん対談,"<iframe width=""560"" height=""315"" src=""https://www.youtube.com/embed/1H_Bwe1XHcE"" frameborder=""0"" allow=""accelerometer; autoplay; encrypted-media; gyroscope; picture-in-picture"" allowfullscreen></iframe>",,2020-01-30 15:14:04 +0900,2020-01-30 15:14:04 +0900,Talk
1099,【初心者必見】Rails環境構築中のエラーを一緒に解決してみた,"<iframe width=""560"" height=""315"" src=""https://www.youtube.com/embed/qZEHjMtsEq0"" frameborder=""0"" allow=""accelerometer; autoplay; encrypted-media; gyroscope; picture-in-picture"" allowfullscreen></iframe>",,2020-02-27 21:58:41 +0900,2020-02-27 21:58:41 +0900,Live
1100,情報発信とは,"<iframe width=""560"" height=""315"" src=""https://www.youtube.com/embed/Wkorz--0xMo"" frameborder=""0"" allow=""accelerometer; autoplay; encrypted-media; gyroscope; picture-in-picture"" allowfullscreen></iframe>",,2020-03-08 21:32:17 +0900,2020-03-08 21:32:17 +0900,Marketing
1101,集客を自動化しよう,"<iframe width=""560"" height=""315"" src=""https://www.youtube.com/embed/ClTzB1fmYyw"" frameborder=""0"" allow=""accelerometer; autoplay; encrypted-media; gyroscope; picture-in-picture"" allowfullscreen></iframe>",,2020-03-08 21:32:17 +0900,2020-03-08 21:32:17 +0900,Marketing
